A Beginner’s Guide,Java: The Complete Reference,Java For Dummies,Android Programming: The Big Nerd Ranch,Head First Java 2nd Edition,Beginning Programming with Java,Java 8 Pocket Guide,C++ Programming in Easy Steps,Effective Java (2nd Edition),HTML and CSS: Design and Build Websites
t,,t,,,t,t,t,t,
t,,t,,t,,,,,
t,,,,t,,,,t,
t,,t,,,,,,t,t
,t,t,,t,,,,,t
t,,,t,t,,t,,t,
t,,t,t,,,t,,t,t
,,,t,,,,,,t
,t,,t,,t,t,,,
,t,,,t,t,t,t,,t
,,,t,,,t,,,
,t,,t,,t,,,,
,t,,,,t,,,,
t,t,t,t,,t,t,t,,
,,,,,,,t,,
,,,,,,,,,
,,,t,t,t,t,,t,t
,,,,,,,t,,
t,t,t,t,,t,t,,,
t,t,t,t,,,,
